特征,重要性,重要性%
lon,0.24431165484932166,24.43
城市,0.18659218847779072,18.66
面积,0.16822525865923982,16.82
lat,0.14325362731606242,14.33
物业费,0.04147831978637636,4.15
面积_大,0.01963707140152305,1.96
物业费密度,0.019142778385212295,1.91
每室面积,0.018083039199769415,1.81
付款方式_月付价,0.015566732932169512,1.56
面积_小,0.014529962301933107,1.45
平均每栋房数,0.013290966447573185,1.33
容积率,0.011929290738223545,1.19
室,0.011387963404888683,1.14
房屋总数,0.011127281787339382,1.11
租赁方式_合租,0.008200769148374452,0.82
楼栋总数,0.00713286124320066,0.71
品质指标,0.006473553755593914,0.65
绿化率,0.005925936269399723,0.59
电梯_有,0.004223486775993247,0.42
楼层_地下室,0.004084055270491634,0.41
物业_低,0.0034865073745735803,0.35
物业_高,0.002806683803391286,0.28
面积_中,0.0020716623055399863,0.21
付款方式_半年付价,0.001140903651718066,0.11
物业_中,0.001112529030582601,0.11
cluster_210,0.0010246725501982393,0.1
设施_电视,0.0010020321041582718,0.1
设施_空调,0.0008794369926985043,0.09
楼层_高层,0.0008690682037589822,0.09
cluster_21,0.0008451931761125082,0.08
cluster_187,0.0008410070949712923,0.08
楼层_中层,0.0007834792485821561,0.08
cluster_17,0.0007806110504709855,0.08
cluster_129,0.0007377569811892827,0.07
设施_天然气,0.0007275023140801869,0.07
朝向_北,0.000692610285512919,0.07
付款方式_年付价,0.0006791848557825975,0.07
设施_衣柜,0.0006649023171617112,0.07
设施_床,0.0006157756334986326,0.06
cluster_161,0.0006090273915136219,0.06
设施_暖气,0.0005909545188312705,0.06
月_7,0.0005775945124725462,0.06
朝向_南,0.0005640217110783575,0.06
设施_洗衣机,0.0005510228571362293,0.06
朝向_东,0.0005474589073786565,0.05
设施_冰箱,0.0005433023608992329,0.05
cluster_137,0.0005418841933859642,0.05
设施_宽带,0.0005389004402573718,0.05
月_6,0.0005201528268979612,0.05
cluster_177,0.00047167850065151136,0.05
cluster_121,0.00046007947278696427,0.05
设施_热水器,0.0004507763047325817,0.05
月_8,0.0003996096225421101,0.04
月_9,0.0003832761151485783,0.04
月_10,0.00037637135110703913,0.04
cluster_56,0.0003418344400885559,0.03
cluster_194,0.0003321082183639296,0.03
cluster_120,0.00031367685832911816,0.03
cluster_80,0.0003132222662868051,0.03
朝向_西,0.00029934424286320947,0.03
cluster_245,0.0002851269034606209,0.03
cluster_149,0.00028367751374028293,0.03
cluster_240,0.0002740652092733504,0.03
月_11,0.0002736878662749206,0.03
月_12,0.0002736740860002921,0.03
cluster_51,0.00024569887364425913,0.02
cluster_228,0.00024029308768551666,0.02
cluster_192,0.0002391696539377656,0.02
cluster_106,0.00020554064364880885,0.02
cluster_182,0.0001889571251943199,0.02
cluster_138,0.00018508922314732507,0.02
cluster_216,0.00018058254124061007,0.02
年_2025,0.0001799215324043171,0.02
cluster_126,0.00017911007628644476,0.02
cluster_130,0.00017700374626854215,0.02
cluster_166,0.00016865988822917385,0.02
cluster_132,0.0001573512147796521,0.02
cluster_133,0.00015666102507960424,0.02
cluster_164,0.00015412398161479966,0.02
cluster_128,0.00015304787614193923,0.02
cluster_223,0.00014871460214995304,0.01
cluster_111,0.0001468458427148452,0.01
cluster_113,0.00014660965173660445,0.01
cluster_215,0.00014626338448411514,0.01
cluster_162,0.00014481699955260828,0.01
cluster_286,0.00014370302092973997,0.01
cluster_105,0.0001385264105579204,0.01
cluster_238,0.0001373535750047532,0.01
cluster_47,0.00013410497306571916,0.01
cluster_62,0.00013102654749151712,0.01
cluster_299,0.0001304027266146885,0.01
cluster_249,0.00012894902733784903,0.01
cluster_269,0.00012851045960612974,0.01
cluster_118,0.00012834824817361753,0.01
cluster_110,0.00012773439730465614,0.01
cluster_55,0.00012123649073109231,0.01
cluster_31,0.00012120916433574947,0.01
cluster_155,0.00012100589132591294,0.01
cluster_125,0.00012065589950543469,0.01
月_1,0.00011329787786935324,0.01
cluster_235,0.00011201756508641094,0.01
cluster_205,0.00011037710339781358,0.01
cluster_267,0.00010672216674756419,0.01
cluster_136,0.00010466143450536782,0.01
cluster_41,9.91445942434388e-05,0.01
cluster_217,9.464875592069472e-05,0.01
cluster_254,9.461054384248495e-05,0.01
cluster_60,9.240628514663865e-05,0.01
cluster_135,9.156377527814663e-05,0.01
cluster_199,9.082139881007253e-05,0.01
cluster_193,9.075103378877817e-05,0.01
cluster_262,9.056712782211977e-05,0.01
cluster_224,8.950876893145511e-05,0.01
cluster_97,8.848693100291843e-05,0.01
cluster_100,8.686207841484647e-05,0.01
cluster_280,8.423899818779361e-05,0.01
cluster_247,8.17763487169576e-05,0.01
cluster_160,8.005139071954446e-05,0.01
月_2,7.911559703453668e-05,0.01
cluster_20,7.897332455839709e-05,0.01
cluster_117,7.714493702843593e-05,0.01
cluster_186,7.646924199280564e-05,0.01
cluster_71,7.597573801133462e-05,0.01
cluster_14,7.58810082667803e-05,0.01
cluster_176,7.297546390199279e-05,0.01
cluster_45,7.056496630132133e-05,0.01
cluster_102,6.938916853909804e-05,0.01
cluster_152,6.789523459018097e-05,0.01
cluster_52,6.54153712256059e-05,0.01
cluster_143,6.459205798170723e-05,0.01
cluster_1,6.340852993101727e-05,0.01
cluster_212,6.238402391901715e-05,0.01
cluster_195,6.212677382756678e-05,0.01
cluster_252,6.154774116583468e-05,0.01
cluster_268,6.0092695376732785e-05,0.01
cluster_122,5.987968315130755e-05,0.01
cluster_69,5.9627368022888175e-05,0.01
cluster_158,5.9455886084343946e-05,0.01
cluster_168,5.8921771282121605e-05,0.01
cluster_123,5.8018137242925086e-05,0.01
cluster_257,5.738709826869987e-05,0.01
cluster_289,5.410227159877613e-05,0.01
cluster_169,5.315736196178649e-05,0.01
cluster_39,5.305948851694499e-05,0.01
cluster_251,5.2091461145601075e-05,0.01
cluster_83,5.204834827782221e-05,0.01
cluster_211,5.194815074408447e-05,0.01
cluster_298,5.174981163023593e-05,0.01
cluster_30,5.159532724626755e-05,0.01
cluster_256,5.110224182469301e-05,0.01
cluster_213,5.0566280782724806e-05,0.01
cluster_88,5.0433540529912655e-05,0.01
cluster_253,4.945361695897256e-05,0.0
cluster_124,4.825425467379762e-05,0.0
cluster_94,4.790511156735664e-05,0.0
cluster_148,4.678170140751388e-05,0.0
cluster_48,4.653410350025549e-05,0.0
cluster_59,4.63708095575059e-05,0.0
cluster_18,4.3663395368299025e-05,0.0
cluster_101,4.2559502855013e-05,0.0
cluster_179,4.247128601193144e-05,0.0
cluster_75,4.2283733459599596e-05,0.0
cluster_81,4.2219510421826486e-05,0.0
cluster_157,4.148904241859566e-05,0.0
cluster_72,4.11278344404378e-05,0.0
cluster_214,4.072085928984118e-05,0.0
cluster_87,4.0043120396595955e-05,0.0
cluster_40,3.981894658470875e-05,0.0
cluster_19,3.955965334723247e-05,0.0
cluster_58,3.837007664714578e-05,0.0
cluster_159,3.7755134292683826e-05,0.0
cluster_144,3.7343806329030703e-05,0.0
cluster_297,3.703958810462859e-05,0.0
cluster_79,3.688784441844262e-05,0.0
cluster_239,3.594039501612384e-05,0.0
cluster_227,3.541777597309199e-05,0.0
cluster_38,3.5208420505013316e-05,0.0
cluster_296,3.5205606054689594e-05,0.0
cluster_283,3.520349615212745e-05,0.0
cluster_65,3.4339310581377095e-05,0.0
cluster_7,3.2907272863499396e-05,0.0
cluster_151,3.285702638586933e-05,0.0
cluster_6,3.267603790747376e-05,0.0
cluster_16,3.240306572726742e-05,0.0
cluster_203,3.215998454380106e-05,0.0
cluster_208,3.207441984623382e-05,0.0
cluster_150,3.188037915065339e-05,0.0
cluster_178,3.0427989950132684e-05,0.0
cluster_115,3.0323576288728768e-05,0.0
cluster_82,3.015112558568405e-05,0.0
cluster_114,3.009621847113078e-05,0.0
cluster_274,3.0059573916954103e-05,0.0
cluster_35,2.9752777938132392e-05,0.0
cluster_96,2.9278867796380074e-05,0.0
cluster_108,2.91201719351776e-05,0.0
cluster_244,2.906913607512243e-05,0.0
cluster_84,2.9040448115551193e-05,0.0
cluster_3,2.8262218798932502e-05,0.0
cluster_10,2.808093075598091e-05,0.0
cluster_93,2.8010013449421404e-05,0.0
cluster_32,2.676489127598641e-05,0.0
cluster_43,2.6141199821067285e-05,0.0
cluster_209,2.597983977744471e-05,0.0
cluster_156,2.5738476883919093e-05,0.0
cluster_53,2.5599747060202887e-05,0.0
cluster_191,2.5548491466738498e-05,0.0
cluster_140,2.5155693219867345e-05,0.0
cluster_25,2.4820505981860658e-05,0.0
cluster_99,2.35321784804587e-05,0.0
cluster_173,2.3400065568956185e-05,0.0
cluster_163,2.319432362245354e-05,0.0
cluster_266,2.2966408032968355e-05,0.0
cluster_265,2.2924342994366175e-05,0.0
cluster_67,2.2602189048903913e-05,0.0
cluster_66,2.2520883647658393e-05,0.0
cluster_54,2.2384696367746298e-05,0.0
cluster_264,2.2353643219714834e-05,0.0
cluster_26,2.197497230362513e-05,0.0
cluster_64,2.1702221891475134e-05,0.0
cluster_34,2.1225063687539056e-05,0.0
cluster_183,2.0627213006775678e-05,0.0
cluster_90,2.0286189236697857e-05,0.0
cluster_109,1.9547287308292538e-05,0.0
cluster_63,1.9421726440026388e-05,0.0
cluster_8,1.930406929043574e-05,0.0
cluster_33,1.9275216966980282e-05,0.0
cluster_98,1.8636344332017535e-05,0.0
cluster_202,1.8505252279515942e-05,0.0
cluster_146,1.8419150159723703e-05,0.0
cluster_131,1.8419027906266983e-05,0.0
cluster_170,1.830834416056838e-05,0.0
cluster_28,1.8080355038282742e-05,0.0
cluster_175,1.7380430861605345e-05,0.0
cluster_70,1.7299602968798573e-05,0.0
cluster_147,1.7014748809866093e-05,0.0
cluster_5,1.6910222360435558e-05,0.0
cluster_86,1.6900003788890904e-05,0.0
cluster_103,1.6647532989648363e-05,0.0
cluster_190,1.640405788904059e-05,0.0
cluster_36,1.6047389211284882e-05,0.0
cluster_73,1.5633131385631833e-05,0.0
cluster_201,1.5603441859436216e-05,0.0
cluster_292,1.5535315025575975e-05,0.0
cluster_153,1.5406886710293893e-05,0.0
cluster_49,1.5365487170410403e-05,0.0
cluster_165,1.5296170624084408e-05,0.0
cluster_204,1.4920742108879605e-05,0.0
cluster_92,1.4817520161590266e-05,0.0
cluster_167,1.4741646279251225e-05,0.0
cluster_174,1.4621481236164917e-05,0.0
cluster_46,1.4486315666347558e-05,0.0
cluster_107,1.4358766336210942e-05,0.0
cluster_77,1.4041276492237783e-05,0.0
cluster_141,1.3923062623981562e-05,0.0
cluster_127,1.327737305403952e-05,0.0
cluster_282,1.3151202154323478e-05,0.0
cluster_44,1.2910257141609185e-05,0.0
cluster_139,1.2857918133975605e-05,0.0
cluster_61,1.2770563595899474e-05,0.0
cluster_68,1.227011485424643e-05,0.0
cluster_172,1.2200512012396597e-05,0.0
cluster_95,1.2083837945522697e-05,0.0
cluster_207,1.1973058286413169e-05,0.0
cluster_13,1.1808251314049831e-05,0.0
cluster_78,1.1715149195896208e-05,0.0
cluster_188,1.1486326307593133e-05,0.0
cluster_218,1.138541126615192e-05,0.0
cluster_89,1.1348229029205224e-05,0.0
cluster_145,1.1076384930392605e-05,0.0
cluster_74,1.1034627283557738e-05,0.0
cluster_91,1.0563679562380333e-05,0.0
cluster_112,1.0405639376098181e-05,0.0
cluster_134,1.0363352119423492e-05,0.0
cluster_184,1.0312590293499958e-05,0.0
cluster_181,1.0296009067337915e-05,0.0
cluster_196,1.021153982014898e-05,0.0
cluster_0,9.829100844305918e-06,0.0
cluster_85,9.608633583050325e-06,0.0
cluster_2,9.447175892861795e-06,0.0
cluster_22,9.440976597207152e-06,0.0
cluster_231,9.369174765584223e-06,0.0
cluster_23,8.237063520048383e-06,0.0
cluster_180,8.033233641586468e-06,0.0
cluster_185,7.9572482658477e-06,0.0
cluster_189,7.660477611699337e-06,0.0
cluster_197,7.62033237099566e-06,0.0
cluster_104,7.376887988739083e-06,0.0
cluster_4,7.214759423882165e-06,0.0
cluster_119,7.113519980038061e-06,0.0
cluster_11,6.691452145667394e-06,0.0
cluster_206,6.363496868734802e-06,0.0
cluster_154,6.318708927615137e-06,0.0
cluster_198,6.256966057560612e-06,0.0
cluster_200,5.7364311263001574e-06,0.0
cluster_15,5.544509750002282e-06,0.0
cluster_42,5.460945803023741e-06,0.0
cluster_76,5.455759185498959e-06,0.0
cluster_24,5.259607349582526e-06,0.0
cluster_171,5.233378178127768e-06,0.0
cluster_12,4.9044038621294044e-06,0.0
cluster_57,4.777343296729184e-06,0.0
cluster_116,4.746885109596614e-06,0.0
cluster_50,4.7116493460256244e-06,0.0
cluster_142,4.403978909122845e-06,0.0
cluster_27,4.194076520946047e-06,0.0
cluster_29,3.8432814235361805e-06,0.0
cluster_37,3.826827440460329e-06,0.0
付款方式_双月付价,6.937766094543522e-07,0.0
月_4,1.6759770441017335e-07,0.0
月_3,0.0,0.0
cluster_missing,0.0,0.0
